{
  "trainingClasses": [
    {
      "id": 1,
      "name": "First Training Class",
      "image": "https://github.com/Matthew-19/TrainingStudio/blob/main/src/assets/images/training-image-01.jpg?raw=true",
      "details": "Phasellus convallis mauris sed elementum vulputate. Donec posuere leo sed dui eleifend hendrerit. Sed suscipit suscipit erat, sed vehicula ligula. Aliquam ut sem fermentum sem tincidunt lacinia gravida aliquam nunc. Morbi quis erat imperdiet, molestie nunc ut, accumsan diam."
    },
    {
      "id": 2,
      "name": "Second Training Class",
      "image": "https://github.com/Matthew-19/TrainingStudio/blob/main/src/assets/images/training-image-02.jpg?raw=true",
      "details": "Integer dapibus, est vel dapibus mattis, sem mauris luctus leo, ac pulvinar quam tortor a velit. Praesent ultrices erat ante, in ultricies augue ultricies faucibus. Nam tellus nibh, ullamcorper at mattis non, rhoncus sed massa. Cras quis pulvinar eros. Orci varius natoque penatibus et magnis dis parturient montes, nascetur ridiculus mus."
    },
    {
      "id": 3,
      "name": "Third Training Class",
      "image": "https://github.com/Matthew-19/TrainingStudio/blob/main/src/assets/images/training-image-03.jpg?raw=true",
      "details": "Fusce laoreet malesuada rhoncus. Donec ultricies diam tortor, id auctor neque posuere sit amet. Aliquam pharetra, augue vel cursus porta, nisi tortor vulputate sapien, id scelerisque felis magna id felis. Proin neque metus, pellentesque pharetra semper vel, accumsan a neque."
    },
    {
      "id": 4,
      "name": "Fourth Training Class",
      "image": "https://github.com/Matthew-19/TrainingStudio/blob/main/src/assets/images/training-image-04.jpg?raw=true",
      "details": "Pellentesque habitant morbi tristique senectus et netus et malesuada fames ac turpis egestas. Aenean ultrices elementum odio ac tempus. Etiam eleifend orci lectus, eget venenatis ipsum commodo et."
    },
    {
      "id": 5,
      "name": "Third Training Class",
      "image": "https://github.com/Matthew-19/TrainingStudio/blob/main/src/assets/images/training-image-03.jpg?raw=true",
      "details": "Fusce laoreet malesuada rhoncus. Donec ultricies diam tortor, id auctor neque posuere sit amet. Aliquam pharetra, augue vel cursus porta, nisi tortor vulputate sapien, id scelerisque felis magna id felis. Proin neque metus, pellentesque pharetra semper vel, accumsan a neque."
    }
  ]
}
