


{
  "trainers": [
    {
      "id": 1,
      "name": "Vijay singh Tomad",
      "image": "https://th.bing.com/th/id/OIP.W7tdcVr96vxv846J-2b2PQAAAA?rs=1&pid=ImgDetMain",
      "details": "Bitters cliche tattooed 8-bit distillery mustache. Keytar succulents gluten-free vegan church-key pour-over seitan flannel.",
      "type": "strength"
    },
    {
      "id": 2,
      "name": "Ajeet Jaisingwal",
      "image": "https://th.bing.com/th?id=OIP.JGk2p2jh4WIKE1pVoa4GjgHaHa&w=250&h=250&c=8&rs=1&qlt=90&o=6&dpr=1.1&pid=3.1&rm=2",
      "details": "Bitters cliche tattooed 8-bit distillery mustache. Keytar succulents gluten-free vegan church-key pour-over seitan flannel.",
      "type": "muscle"
    },
    {
      "id": 3,
      "name": "Pawan Singh",
      "image": "https://venketfitness.com/wp-content/uploads/2020/06/venkatfitnessonlinetraining.png",
      "details": "Bitters cliche tattooed 8-bit distillery mustache. Keytar succulents gluten-free vegan church-key pour-over seitan flannel.",
      "type": "power"
    }
  ]
}
